<?xml version="1.0" encoding="UTF-8"?>
<root>
  <item name="com.predictor.library.net.lib.annotation.NetworkType">
    <annotation name="androidx.annotation.IntDef">
      <val name="value" val="{com.predictor.library.net.lib.annotation.constant.NetworkTypeEnum.NETWORK_NO, com.predictor.library.net.lib.annotation.constant.NetworkTypeEnum.NETWORK_WIFI, com.predictor.library.net.lib.annotation.constant.NetworkTypeEnum.NETWORK_2G, com.predictor.library.net.lib.annotation.constant.NetworkTypeEnum.NETWORK_3G, com.predictor.library.net.lib.annotation.constant.NetworkTypeEnum.NETWORK_4G, com.predictor.library.net.lib.annotation.constant.NetworkTypeEnum.NETWORK_MOBILE, com.predictor.library.net.lib.annotation.constant.NetworkTypeEnum.NETWORK_UNKNOWN}" />
    </annotation>
  </item>
  <item name="com.predictor.library.net.lib.annotation.OnNetworkTypeChangedTo int type()">
    <annotation name="androidx.annotation.IntDef">
      <val name="value" val="{com.predictor.library.net.lib.annotation.constant.NetworkTypeEnum.NETWORK_NO, com.predictor.library.net.lib.annotation.constant.NetworkTypeEnum.NETWORK_WIFI, com.predictor.library.net.lib.annotation.constant.NetworkTypeEnum.NETWORK_2G, com.predictor.library.net.lib.annotation.constant.NetworkTypeEnum.NETWORK_3G, com.predictor.library.net.lib.annotation.constant.NetworkTypeEnum.NETWORK_4G, com.predictor.library.net.lib.annotation.constant.NetworkTypeEnum.NETWORK_MOBILE, com.predictor.library.net.lib.annotation.constant.NetworkTypeEnum.NETWORK_UNKNOWN}" />
    </annotation>
  </item>
</root>

