<?xml version="1.0" encoding="UTF-8"?>
<root>
  <item name="com.predictor.library.utils.CNSpannableStringUtils.Align">
    <annotation name="androidx.annotation.IntDef">
      <val name="value" val="{com.predictor.library.utils.CNSpannableStringUtils.ALIGN_BOTTOM, com.predictor.library.utils.CNSpannableStringUtils.ALIGN_BASELINE, com.predictor.library.utils.CNSpannableStringUtils.ALIGN_CENTER, com.predictor.library.utils.CNSpannableStringUtils.ALIGN_TOP}" />
    </annotation>
  </item>
  <item name="com.predictor.library.utils.CNSpannableStringUtils.Builder align">
    <annotation name="androidx.annotation.IntDef">
      <val name="value" val="{com.predictor.library.utils.CNSpannableStringUtils.ALIGN_BOTTOM, com.predictor.library.utils.CNSpannableStringUtils.ALIGN_BASELINE, com.predictor.library.utils.CNSpannableStringUtils.ALIGN_CENTER, com.predictor.library.utils.CNSpannableStringUtils.ALIGN_TOP}" />
    </annotation>
  </item>
  <item name="com.predictor.library.utils.CNSpannableStringUtils.Builder com.predictor.library.utils.CNSpannableStringUtils.Builder setBitmap(android.graphics.Bitmap, int) 1">
    <annotation name="androidx.annotation.IntDef">
      <val name="value" val="{com.predictor.library.utils.CNSpannableStringUtils.ALIGN_BOTTOM, com.predictor.library.utils.CNSpannableStringUtils.ALIGN_BASELINE, com.predictor.library.utils.CNSpannableStringUtils.ALIGN_CENTER, com.predictor.library.utils.CNSpannableStringUtils.ALIGN_TOP}" />
    </annotation>
  </item>
  <item name="com.predictor.library.utils.CNSpannableStringUtils.Builder com.predictor.library.utils.CNSpannableStringUtils.Builder setDrawable(android.graphics.drawable.Drawable, int) 1">
    <annotation name="androidx.annotation.IntDef">
      <val name="value" val="{com.predictor.library.utils.CNSpannableStringUtils.ALIGN_BOTTOM, com.predictor.library.utils.CNSpannableStringUtils.ALIGN_BASELINE, com.predictor.library.utils.CNSpannableStringUtils.ALIGN_CENTER, com.predictor.library.utils.CNSpannableStringUtils.ALIGN_TOP}" />
    </annotation>
  </item>
  <item name="com.predictor.library.utils.CNSpannableStringUtils.Builder com.predictor.library.utils.CNSpannableStringUtils.Builder setResourceId(int, int) 1">
    <annotation name="androidx.annotation.IntDef">
      <val name="value" val="{com.predictor.library.utils.CNSpannableStringUtils.ALIGN_BOTTOM, com.predictor.library.utils.CNSpannableStringUtils.ALIGN_BASELINE, com.predictor.library.utils.CNSpannableStringUtils.ALIGN_CENTER, com.predictor.library.utils.CNSpannableStringUtils.ALIGN_TOP}" />
    </annotation>
  </item>
  <item name="com.predictor.library.utils.CNSpannableStringUtils.Builder com.predictor.library.utils.CNSpannableStringUtils.Builder setUri(android.net.Uri, int) 1">
    <annotation name="androidx.annotation.IntDef">
      <val name="value" val="{com.predictor.library.utils.CNSpannableStringUtils.ALIGN_BOTTOM, com.predictor.library.utils.CNSpannableStringUtils.ALIGN_BASELINE, com.predictor.library.utils.CNSpannableStringUtils.ALIGN_CENTER, com.predictor.library.utils.CNSpannableStringUtils.ALIGN_TOP}" />
    </annotation>
  </item>
</root>

